{
  "assetsByChunkName": {
    "vendors~app-account~app-checkout~app-confirmation~app-order": "chunk.1dbaf6f3781c00de4e53.js",
    "vendors~app-account~app-confirmation~app-order": "chunk.4bd180fae7908361ddf6.js",
    "vendors~app-account~app-checkout": "chunk.a55b11d73e1d25d13494.js",
    "admin": [
      "admin.ba09af4a6d17afe9375c.js",
      "admin.ba09af4a6d17afe9375c.js.map"
    ],
    "app-account": "chunk.125619c48ffe1a1c35e7.js",
    "app-confirmation": "chunk.5104a22cbdadb06bb4e4.js",
    "app-order": "chunk.6ecb4c003fa389cc4875.js",
    "checkout": [
      "checkout.cfb0e26f573648fa0199.js",
      "checkout.cfb0e26f573648fa0199.js.map"
    ],
    "storefront": [
      "storefront.deb4bccbf68db47848a4.css",
      "storefront.4a3fc12113fbc349ac0d.js",
      "storefront.deb4bccbf68db47848a4.css.map",
      "storefront.4a3fc12113fbc349ac0d.js.map"
    ],
    "vendors~app-cart": "chunk.80a1b0ca724e2139bdbb.js",
    "vendors~app-checkout": "chunk.fd3d7d85644bf0d7e2b2.js"
  }
}